Time,Status,Message,Details
2024-05-31 00:07:59,Success,All as expected,UHWaitTimeValue: 9.25 hours; VHWaitTimeValue: 6.25 hours
2024-05-31 00:23:00,Success,All as expected,UHWaitTimeValue: 9.5 hours; VHWaitTimeValue: 6.5 hours
2024-05-31 00:38:02,Success,All as expected,UHWaitTimeValue: 9.75 hours; VHWaitTimeValue: 4.25 hours
2024-05-31 00:53:04,Success,All as expected,UHWaitTimeValue: 10.0 hours; VHWaitTimeValue: 4.5 hours
2024-05-31 01:08:05,Success,All as expected,UHWaitTimeValue: 8.75 hours; VHWaitTimeValue: 2.75 hours
2024-05-31 01:23:07,Success,All as expected,UHWaitTimeValue: 8.75 hours; VHWaitTimeValue: 3.0 hours
2024-05-31 01:38:08,Success,All as expected,UHWaitTimeValue: 9.0 hours; VHWaitTimeValue: 3.25 hours
2024-05-31 01:53:10,Success,All as expected,UHWaitTimeValue: 7.5 hours; VHWaitTimeValue: 3.5 hours
2024-05-31 02:08:11,Success,All as expected,UHWaitTimeValue: 7.75 hours; VHWaitTimeValue: 3.75 hours
2024-05-31 02:23:13,Success,All as expected,UHWaitTimeValue: 8.0 hours; VHWaitTimeValue: 4.0 hours
2024-05-31 02:38:14,Success,All as expected,UHWaitTimeValue: 8.25 hours; VHWaitTimeValue: 4.25 hours
2024-05-31 02:53:15,Success,All as expected,UHWaitTimeValue: 8.5 hours; VHWaitTimeValue: 4.5 hours
2024-05-31 03:08:17,Success,All as expected,UHWaitTimeValue: 8.75 hours; VHWaitTimeValue: 4.0 hours
2024-05-31 03:23:18,Success,All as expected,UHWaitTimeValue: 9.0 hours; VHWaitTimeValue: 4.25 hours
2024-05-31 03:38:20,Success,All as expected,UHWaitTimeValue: 9.25 hours; VHWaitTimeValue: 4.5 hours
2024-05-31 03:53:21,Success,All as expected,UHWaitTimeValue: 9.5 hours; VHWaitTimeValue: 4.75 hours
2024-05-31 04:08:22,Success,All as expected,UHWaitTimeValue: 9.25 hours; VHWaitTimeValue: 5.0 hours
2024-05-31 04:23:24,Success,All as expected,UHWaitTimeValue: 9.25 hours; VHWaitTimeValue: 5.25 hours
2024-05-31 04:38:25,Success,All as expected,UHWaitTimeValue: 9.5 hours; VHWaitTimeValue: 5.5 hours
2024-05-31 04:53:27,Success,All as expected,UHWaitTimeValue: 9.25 hours; VHWaitTimeValue: 5.75 hours
2024-05-31 05:08:29,Success,All as expected,UHWaitTimeValue: 9.5 hours; VHWaitTimeValue: 6.0 hours
2024-05-31 05:23:30,Success,All as expected,UHWaitTimeValue: 9.75 hours; VHWaitTimeValue: 6.25 hours
2024-05-31 05:38:32,Success,All as expected,UHWaitTimeValue: 9.75 hours; VHWaitTimeValue: 6.5 hours
2024-05-31 05:53:33,Success,All as expected,UHWaitTimeValue: 10.0 hours; VHWaitTimeValue: 6.75 hours
2024-05-31 06:08:35,Success,All as expected,UHWaitTimeValue: 8.5 hours; VHWaitTimeValue: 7.0 hours
2024-05-31 06:23:36,Success,All as expected,UHWaitTimeValue: 8.75 hours; VHWaitTimeValue: 7.25 hours
2024-05-31 06:38:37,Success,All as expected,UHWaitTimeValue: 9.0 hours; VHWaitTimeValue: 7.5 hours
2024-05-31 06:53:39,Success,All as expected,UHWaitTimeValue: 9.25 hours; VHWaitTimeValue: 7.75 hours
2024-05-31 07:08:40,Success,All as expected,UHWaitTimeValue: 9.5 hours; VHWaitTimeValue: 8.0 hours
2024-05-31 07:23:42,Success,All as expected,UHWaitTimeValue: 9.75 hours; VHWaitTimeValue: 5.25 hours
2024-05-31 07:38:43,Success,All as expected,UHWaitTimeValue: 10.0 hours; VHWaitTimeValue: 5.5 hours
2024-05-31 07:53:46,Success,All as expected,UHWaitTimeValue: 10.25 hours; VHWaitTimeValue: 5.25 hours
2024-05-31 08:08:47,Success,All as expected,UHWaitTimeValue: 2.0 hours; VHWaitTimeValue: 5.0 hours
2024-05-31 08:23:49,Success,All as expected,UHWaitTimeValue: 2.0 hours; VHWaitTimeValue: 5.25 hours
2024-05-31 08:38:50,Success,All as expected,UHWaitTimeValue: 2.25 hours; VHWaitTimeValue: 5.5 hours
2024-05-31 08:53:52,Success,All as expected,UHWaitTimeValue: 2.5 hours; VHWaitTimeValue: 5.75 hours
2024-05-31 09:08:55,Success,All as expected,UHWaitTimeValue: 2.75 hours; VHWaitTimeValue: 1.25 hours
2024-05-31 09:23:57,Success,All as expected,UHWaitTimeValue: 3.0 hours; VHWaitTimeValue: 0.75 hours
2024-05-31 09:39:00,Success,All as expected,UHWaitTimeValue: 3.25 hours; VHWaitTimeValue: 1.0 hours
2024-05-31 09:54:01,Success,All as expected,UHWaitTimeValue: 3.5 hours; VHWaitTimeValue: 1.25 hours
2024-05-31 10:09:03,Success,All as expected,UHWaitTimeValue: 3.75 hours; VHWaitTimeValue: 1.5 hours
2024-05-31 10:24:05,Success,All as expected,UHWaitTimeValue: 4.0 hours; VHWaitTimeValue: 1.75 hours
2024-05-31 10:39:06,Success,All as expected,UHWaitTimeValue: 4.25 hours; VHWaitTimeValue: 2.0 hours
2024-05-31 10:54:08,Success,All as expected,UHWaitTimeValue: 4.5 hours; VHWaitTimeValue: 2.25 hours
